Title, Company, Location, Date Posted
Senior Python Developer,"Payne, Roberts and Davis","Stewartbury, AA",2018-03-13
Energy engineer,Vasquez-Davidson,"Christopherville, AA",2023-06-15
Legal executive,"Jackson, Chambers and Levy","Port Ericaburgh, AA",2015-08-31
Fitness centre manager,Savage-Bradley,"East Seanview, AP",2000-07-03
Product manager,Ramirez Inc,"North Jamieview, AP",1999-08-28
Medical technical officer,Rogers-Yates,"Davidville, AP",2025-09-07
Physiological scientist,Kramer-Klein,"South Christopher, AE",2007-06-01
Textile designer,Meyers-Johnson,"Port Jonathan, AE",2005-06-01
Television floor manager,Hughes-Williams,"Osbornetown, AE",2021-02-04
Waste management officer,"Jones, Williams and Villa","Scotttown, AP",2006-12-16
Software Engineer (Python),Garcia PLC,"Ericberg, AE",2000-04-10
Interpreter,Gregory and Sons,"Ramireztown, AE",2007-11-15
Architect,"Clark, Garcia and Sosa","Figueroaview, AA",2009-04-02
Meteorologist,Bush PLC,"Kelseystad, AA",2016-05-02
Audiological scientist,Salazar-Meyers,"Williamsburgh, AE",2014-07-06
English as a second language teacher,"Parker, Murphy and Brooks","Mitchellburgh, AE",2010-05-14
Surgeon,Cruz-Brown,"West Jessicabury, AA",2025-01-14
Equities trader,Macdonald-Ferguson,"Maloneshire, AE",2018-01-04
Newspaper journalist,"Williams, Peterson and Rojas","Johnsonton, AA",2002-06-11
Materials engineer,Smith and Sons,"South Davidtown, AP",2001-07-17
Python Programmer (Entry-Level),"Moss, Duncan and Allen","Port Sara, AE",2021-10-26
Product/process development scientist,Gomez-Carroll,"Marktown, AA",2008-03-13
"Scientist, research (maths)","Manning, Welch and Herring","Laurenland, AE",2007-02-21
Ecologist,"Lee, Gutierrez and Brown","Lauraton, AP",2012-10-24
Materials engineer,"Davis, Serrano and Cook","South Tammyberg, AP",2025-04-26
Historic buildings inspector/conservation officer,Smith LLC,"North Brandonville, AP",2015-05-02
Data scientist,Thomas Group,"Port Robertfurt, AA",2020-06-25
Psychiatrist,Silva-King,"Burnettbury, AE",2009-12-23
Structural engineer,Pierce-Long,"Herbertside, AA",2017-12-21
Immigration officer,Walker-Simpson,"Christopherport, AP",1999-04-17
Python Programmer (Entry-Level),Cooper and Sons,"West Victor, AE",2002-10-23
Neurosurgeon,"Donovan, Gonzalez and Figueroa","Port Aaron, AP",1999-07-19
Broadcast engineer,"Morgan, Butler and Bennett","Loribury, AA",2006-12-30
Make,Snyder-Lee,"Angelastad, AP",1999-03-23
"Nurse, adult",Harris PLC,"Larrytown, AE",2005-12-31
Air broker,Washington PLC,"West Colin, AP",2025-11-29
"Editor, film/video","Brown, Price and Campbell","West Stephanie, AP",2004-11-04
"Production assistant, radio",Mcgee PLC,"Laurentown, AP",2021-05-03
"Engineer, communications",Dixon Inc,"Wrightberg, AP",2006-04-24
Sales executive,"Thompson, Sheppard and Ward","Alberttown, AE",1999-02-30
Software Developer (Python),Adams-Brewer,"Brockburgh, AE",2010-07-13
Futures trader,Schneider-Brady,"North Jason, AE",2014-10-08
Tour manager,Gonzales-Frank,"Arnoldhaven, AE",2003-05-31
Cytogeneticist,Smith-Wong,"Lake Destiny, AP",2012-09-22
"Designer, multimedia",Pierce-Herrera,"South Timothyburgh, AP",2021-10-25
Trade union research officer,"Aguilar, Rivera and Quinn","New Jimmyton, AE",2000-01-29
"Chemist, analytical","Lowe, Barnes and Thomas","New Lucasbury, AP",2021-11-09
"Programmer, multimedia","Lewis, Gonzalez and Vasquez","Port Cory, AE",2017-12-13
"Engineer, broadcasting (operations)",Taylor PLC,"Gileston, AA",2003-10-11
"Teacher, primary school","Oliver, Jones and Ramirez","Cindyshire, AA",2017-04-16
Python Developer,Rivera and Sons,"East Michaelfort, AA",2001-01-04
Manufacturing systems engineer,Garcia PLC,"Joybury, AE",2012-01-23
"Producer, television/film/video","Johnson, Wells and Kramer","Emmatown, AE",2010-01-28
"Scientist, forensic",Gonzalez LLC,"Colehaven, AP",2014-02-09
Bonds trader,"Morgan, White and Macdonald","Port Coryton, AE",2004-11-15
Editorial assistant,Robinson-Fitzpatrick,"Amyborough, AA",2005-07-31
Photographer,"Waters, Wilson and Hoover","Reynoldsville, AA",2009-10-29
Retail banker,Hill LLC,"Port Billy, AP",2019-11-21
Jewellery designer,Li-Gregory,"Adamburgh, AA",2006-08-16
Ophthalmologist,"Fisher, Ryan and Coleman","Wilsonmouth, AA",2023-12-24
"Back-End Web Developer (Python, Django)",Stewart-Alexander,"South Kimberly, AA",2010-03-18
Licensed conveyancer,Abbott and Sons,"Benjaminland, AP",2013-04-22
Futures trader,"Bryant, Santana and Davenport","Zacharyport, AA",2015-06-26
Counselling psychologist,Smith PLC,"Port Devonville, AE",2007-09-03
Insurance underwriter,Patterson-Singh,"East Thomas, AE",2023-01-04
"Engineer, automotive",Martinez-Berry,"New Jeffrey, AP",2024-11-14
"Producer, radio","May, Taylor and Fisher","Davidside, AA",2022-10-23
Dispensing optician,"Bailey, Owen and Thompson","Jamesville, AA",2002-03-25
"Designer, fashion/clothing",Vasquez Ltd,"New Kelly, AP",2023-05-06
Chartered loss adjuster,Leblanc LLC,"Lake Antonio, AA",2020-05-18
"Back-End Web Developer (Python, Django)","Jackson, Ali and Mckee","New Elizabethside, AA",2020-03-05
Forest/woodland manager,"Blankenship, Knight and Powell","Millsbury, AE",2002-02-01
Clinical cytogeneticist,"Patton, Haynes and Jones","Lloydton, AP",2007-12-02
Print production planner,Wood Inc,"Port Jeremy, AA",2006-12-23
Systems developer,Collins Group,"New Elizabethtown, AA",2018-06-10
Graphic designer,Flores-Nelson,"Charlesstad, AE",2004-04-20
Writer,"Mitchell, Jones and Olson","Josephbury, AE",2006-02-04
Field seismologist,Howard Group,"Seanfurt, AA",2014-09-01
Chief Strategy Officer,Kramer-Edwards,"Williambury, AA",2020-03-11
Air cabin crew,Berry-Houston,"South Jorgeside, AP",2017-01-14
Python Programmer (Entry-Level),Mathews Inc,"Robertborough, AP",2014-10-10
Warden/ranger,Riley-Johnson,"South Saratown, AP",2017-07-29
Sports therapist,Spencer and Sons,"Hullview, AA",2025-03-03
Arts development officer,Camacho-Sanchez,"Philipland, AP",2011-04-22
Printmaker,Oliver and Sons,"North Patty, AE",2014-06-01
Health and safety adviser,Eaton PLC,"North Stephen, AE",2009-07-21
Manufacturing systems engineer,Stanley-Frederick,"Stevensland, AP",2010-05-13
"Programmer, applications",Bradley LLC,"Reyesstad, AE",2000-04-28
Medical physicist,"Parker, Goodwin and Zavala","Bellberg, AP",2017-12-08
Media planner,Kim-Miles,"North Johnland, AE",2012-12-18
Software Developer (Python),Moreno-Rodriguez,"Martinezburgh, AE",2021-09-08
"Surveyor, land/geomatics",Brown-Ortiz,"Joshuatown, AE",2004-04-21
Legal executive,Hartman PLC,"West Ericstad, AA",2014-09-16
"Librarian, academic",Brooks Inc,"Tuckertown, AE",2016-09-15
Barrister,Washington-Castillo,"Perezton, AE",2006-08-15
Museum/gallery exhibitions officer,"Nguyen, Yoder and Petty","Lake Abigail, AE",2020-02-28
"Radiographer, diagnostic",Holder LLC,"Jacobshire, AP",2016-02-07
Database administrator,Yates-Ferguson,"Port Susan, AE",2013-07-17
Furniture designer,Ortega-Lawrence,"North Tiffany, AA",2014-12-02
Ship broker,"Fuentes, Walls and Castro","Michelleville, AP",2000-06-03
